title,price,currency,uom,link,query,date
2023 New Arrivals 5x Faster Printing Speed Anycubic Kobra 2 Filament Fdm 3D Printer,220.0,USD,sets,https://www.alibaba.com/product-detail/2023-New-Arrivals-5x-Faster-Printing_1600852161284.html?s=p,3D Printer,2023-05-25
SUNLU innovative 2 in 1 3D printers print drying whlie printing filament desktop S9 Plus 3D printer,260.0,USD,sets,https://www.alibaba.com/product-detail/SUNLU-innovative-2-in-1-3D_1600518527184.html?s=p,3D Printer,2023-05-25
High efficiency non stick 3D printer,9.0,USD,unit,https://www.alibaba.com/product-detail/High-Efficiency-Non-Stick-3D-Printer_1600698035446.html?s=p,3D Printer,2023-05-25
iFUN Lcd Laboratory 3d Resin Dental Printer Biocompatible 3d Printer Machine For Dental Laboratory,1250.0,USD,cartons,https://www.alibaba.com/product-detail/IFUN-Lcd-Laboratory-3d-Resin-Dental_1600738811289.html?s=p,3D Printer,2023-05-25
Large Printing Size 3D Printer Manufacturer Industrial Format FDM Machine 3D Printer ABS PC PLA NYLON CARBON FIBER,3700.0,USD,sets,https://www.alibaba.com/product-detail/Large-Printing-Size-3D-Printer-Manufacturer_1600173987479.html?s=p,3D Printer,2023-05-25
TWOTREES BLU-3 V2 high accuracy Automatic leveling can use carbon fiber pla abs Fdm Education 3d printer,199.0,USD,pieces,https://www.alibaba.com/product-detail/TWOTREES-BLU-3-V2-high-accuracy_62331072334.html,3D Printer,2023-05-25
New digital  3D Printer Intelligent Large Size digital printer CR-5 Pro desktop 3D printer,650.0,USD,piece,https://www.alibaba.com/product-detail/New-digital-3D-Printer-Intelligent-Large_1600568669595.html,3D Printer,2023-05-25
LYNCAST Wholesale LY-01 DLP 3D Printer Light Beams Large Build Volume 132*74.25*165mm Resin 3D Printer,430.0,USD,sets,https://www.alibaba.com/product-detail/LYNCAST-Wholesale-LY-01-DLP-3D_1600812950590.html,3D Printer,2023-05-25
Wholesale custom logo printing thermal paper cheap flights tickets,0.015,USD,piece,https://www.alibaba.com/product-detail/Wholesale-custom-logo-printing-thermal-paper_62501822901.html?s=p,Printing,2023-05-25
Custom Luxury Waterproof Logo Cosmetics PET Bottle Vinyl Glossy Bopp Silver Foil Shampoo Stickers Roll Printing Packaging Labels,0.2,USD,pieces,https://www.alibaba.com/product-detail/Custom-Luxury-Waterproof-Logo-Cosmetics-PET_1600837139424.html?s=p,Printing,2023-05-25
"Custom plastic gift cards with logos and barcodes, QR codes, or magnetic stripes are printed by Chinese printing manufacturers",0.007,USD,piece,https://www.alibaba.com/product-detail/Custom-plastic-gift-cards-with-logos_1600182713031.html?s=p,Printing,2023-05-25
Printed Electrolytic Tinplate Coil and Sheet Tinplate CMYK/PMS Printing for Beverage Can,1200.0,USD,metrictons,https://www.alibaba.com/product-detail/Printed-Electrolytic-Tinplate-Coil-and-Sheet_1600643118153.html?s=p,Printing,2023-05-25
Custom Advertising Brochure company information printing product menu printing catalogue printing,1.29,USD,pieces,https://www.alibaba.com/product-detail/Custom-Advertising-Brochure-company-information-printing_1600846201445.html?s=p,Printing,2023-05-25
Fast Delivery Custom Colorful Foil Printing  Business Card For Small Business,0.03,USD,pieces,https://www.alibaba.com/product-detail/Fast-Delivery-Custom-Colorful-Foil-Printing_1600402707671.html,Printing,2023-05-25
Custom Printed Logo Luxury Plastic Clear PVC Transparent Business Card,0.12,USD,pieces,https://www.alibaba.com/product-detail/Custom-Printed-Logo-Luxury-Plastic-Clear_1600470968246.html,Printing,2023-05-25
Wholesale custom packaging box customized clothing packaging and logo printing,0.09,USD,pieces,https://www.alibaba.com/product-detail/Wholesale-custom-packaging-box-customized-clothing_1600660730766.html,Printing,2023-05-25
